<?xml version="1.0" encoding="UTF-8"?>
<GenRun Id="impl_1" LaunchPart="xc7a35tcpg236-1" LaunchTime="1736133907">
  <File Type="PA-TCL" Name="blinking_led.tcl"/>
  <File Type="REPORTS-TCL" Name="blinking_led_reports.tcl"/>
  <File Type="INIT-TIMING" Name="blinking_led_timing_summary_init.rpt"/>
  <File Type="OPT-DCP" Name="blinking_led_opt.dcp"/>
  <File Type="OPT-DRC" Name="blinking_led_drc_opted.rpt"/>
  <File Type="OPT-METHODOLOGY-DRC" Name="blinking_led_methodology_drc_opted.rpt"/>
  <File Type="OPT-HWDEF" Name="blinking_led.hwdef"/>
  <File Type="OPT-TIMING" Name="blinking_led_timing_summary_opted.rpt"/>
  <File Type="OPT-RQA-PB" Name="blinking_led_rqa_opted.pb"/>
  <File Type="PWROPT-DCP" Name="blinking_led_pwropt.dcp"/>
  <File Type="PWROPT-DRC" Name="blinking_led_drc_pwropted.rpt"/>
  <File Type="PWROPT-TIMING" Name="blinking_led_timing_summary_pwropted.rpt"/>
  <File Type="PLACE-DCP" Name="blinking_led_placed.dcp"/>
  <File Type="PLACE-IO" Name="blinking_led_io_placed.rpt"/>
  <File Type="PLACE-CLK" Name="blinking_led_clock_utilization_placed.rpt"/>
  <File Type="PLACE-UTIL" Name="blinking_led_utilization_placed.rpt"/>
  <File Type="PLACE-UTIL-PB" Name="blinking_led_utilization_placed.pb"/>
  <File Type="PLACE-CTRL" Name="blinking_led_control_sets_placed.rpt"/>
  <File Type="PLACE-SIMILARITY" Name="blinking_led_incremental_reuse_placed.rpt"/>
  <File Type="PLACE-PRE-SIMILARITY" Name="blinking_led_incremental_reuse_pre_placed.rpt"/>
  <File Type="PLACE-TIMING" Name="blinking_led_timing_summary_placed.rpt"/>
  <File Type="PLACE-RQA-PB" Name="blinking_led_rqa_placed.pb"/>
  <File Type="POSTPLACE-PWROPT-DCP" Name="blinking_led_postplace_pwropt.dcp"/>
  <File Type="POSTPLACE-PWROPT-TIMING" Name="blinking_led_timing_summary_postplace_pwropted.rpt"/>
  <File Type="PHYSOPT-DCP" Name="blinking_led_physopt.dcp"/>
  <File Type="PHYSOPT-DRC" Name="blinking_led_drc_physopted.rpt"/>
  <File Type="PHYSOPT-TIMING" Name="blinking_led_timing_summary_physopted.rpt"/>
  <File Type="ROUTE-ERROR-DCP" Name="blinking_led_routed_error.dcp"/>
  <File Type="ROUTE-DCP" Name="blinking_led_routed.dcp"/>
  <File Type="ROUTE-BLACKBOX-DCP" Name="blinking_led_routed_bb.dcp"/>
  <File Type="ROUTE-DRC" Name="blinking_led_drc_routed.rpt"/>
  <File Type="ROUTE-DRC-PB" Name="blinking_led_drc_routed.pb"/>
  <File Type="ROUTE-DRC-RPX" Name="blinking_led_drc_routed.rpx"/>
  <File Type="ROUTE-METHODOLOGY-DRC" Name="blinking_led_methodology_drc_routed.rpt"/>
  <File Type="ROUTE-METHODOLOGY-DRC-RPX" Name="blinking_led_methodology_drc_routed.rpx"/>
  <File Type="ROUTE-METHODOLOGY-DRC-PB" Name="blinking_led_methodology_drc_routed.pb"/>
  <File Type="ROUTE-PWR" Name="blinking_led_power_routed.rpt"/>
  <File Type="ROUTE-PWR-SUM" Name="blinking_led_power_summary_routed.pb"/>
  <File Type="ROUTE-PWR-RPX" Name="blinking_led_power_routed.rpx"/>
  <File Type="ROUTE-STATUS" Name="blinking_led_route_status.rpt"/>
  <File Type="ROUTE-STATUS-PB" Name="blinking_led_route_status.pb"/>
  <File Type="ROUTE-TIMINGSUMMARY" Name="blinking_led_timing_summary_routed.rpt"/>
  <File Type="ROUTE-TIMING-PB" Name="blinking_led_timing_summary_routed.pb"/>
  <File Type="ROUTE-TIMING-RPX" Name="blinking_led_timing_summary_routed.rpx"/>
  <File Type="ROUTE-SIMILARITY" Name="blinking_led_incremental_reuse_routed.rpt"/>
  <File Type="ROUTE-CLK" Name="blinking_led_clock_utilization_routed.rpt"/>
  <File Type="ROUTE-BUS-SKEW" Name="blinking_led_bus_skew_routed.rpt"/>
  <File Type="ROUTE-BUS-SKEW-PB" Name="blinking_led_bus_skew_routed.pb"/>
  <File Type="ROUTE-BUS-SKEW-RPX" Name="blinking_led_bus_skew_routed.rpx"/>
  <File Type="ROUTE-RQS-PB" Name="blinking_led_rqs_routed.pb"/>
  <File Type="POSTROUTE-PHYSOPT-DCP" Name="blinking_led_postroute_physopt.dcp"/>
  <File Type="POSTROUTE-PHYSOPT-BLACKBOX-DCP" Name="blinking_led_postroute_physopt_bb.dcp"/>
  <File Type="POSTROUTE-PHYSOPT-TIMING" Name="blinking_led_timing_summary_postroute_physopted.rpt"/>
  <File Type="POSTROUTE-PHYSOPT-TIMING-PB" Name="blinking_led_timing_summary_postroute_physopted.pb"/>
  <File Type="POSTROUTE-PHYSOPT-TIMING-RPX" Name="blinking_led_timing_summary_postroute_physopted.rpx"/>
  <File Type="POSTROUTE-PHYSOPT-BUS-SKEW" Name="blinking_led_bus_skew_postroute_physopted.rpt"/>
  <File Type="POSTROUTE-PHYSOPT-BUS-SKEW-PB" Name="blinking_led_bus_skew_postroute_physopted.pb"/>
  <File Type="POSTROUTE-PHYSOPT-BUS-SKEW-RPX" Name="blinking_led_bus_skew_postroute_physopted.rpx"/>
  <File Type="BG-BIT" Name="blinking_led.bit"/>
  <File Type="BG-BIN" Name="blinking_led.bin"/>
  <File Type="BITSTR-MSK" Name="blinking_led.msk"/>
  <File Type="BITSTR-RBT" Name="blinking_led.rbt"/>
  <File Type="BITSTR-NKY" Name="blinking_led.nky"/>
  <File Type="BITSTR-BMM" Name="blinking_led_bd.bmm"/>
  <File Type="BITSTR-MMI" Name="blinking_led.mmi"/>
  <File Type="PDI-FILE" Name="blinking_led.pdi"/>
  <File Type="BOOT-PDI-FILE" Name="blinking_led_boot.pdi"/>
  <File Type="PL-PDI-FILE" Name="blinking_led_pld.pdi"/>
  <File Type="RCFI_FILE" Name="blinking_led.rcfi"/>
  <File Type="CFI_FILE" Name="blinking_led.cfi"/>
  <File Type="RNPI_FILE" Name="blinking_led.rnpi"/>
  <File Type="NPI_FILE" Name="blinking_led.npi"/>
  <File Type="RBD_FILE" Name="blinking_led.rbd"/>
  <File Type="BITSTR-LTX" Name="debug_nets.ltx"/>
  <File Type="BITSTR-LTX" Name="blinking_led.ltx"/>
  <File Type="BITSTR-SYSDEF" Name="blinking_led.sysdef"/>
  <File Type="BG-BGN" Name="blinking_led.bgn"/>
  <File Type="BG-DRC" Name="blinking_led.drc"/>
  <File Type="RDI-RDI" Name="blinking_led.vdi"/>
  <File Type="WBT-USG" Name="usage_statistics_webtalk.html"/>
  <File Type="ROUTE-RQS" Name="blinking_led_routed.rqs"/>
  <File Type="POSTROUTE-PHYSOPT-RQS" Name="blinking_led_postroute_physopted.rqs"/>
  <File Type="ROUTE-RQS-RPT" Name="route_report_qor_suggestions_0.rpt"/>
  <File Type="POSTROUTE-PHYSOPT-RQS-RPT" Name="postroute_physopt_report_qor_suggestions_0.rpt"/>
  <FileSet Name="sources" Type="DesignSrcs" RelSrcDir="$PSRCDIR/sources_1" RelGenDir="$PGENDIR/sources_1">
    <Filter Type="Srcs"/>
    <File Path="$PSRCDIR/sources_1/new/blinking_led.v">
      <FileInfo>
        <Attr Name="UsedIn" Val="synthesis"/>
        <Attr Name="UsedIn" Val="implementation"/>
        <Attr Name="UsedIn" Val="simulation"/>
      </FileInfo>
    </File>
    <Config>
      <Option Name="DesignMode" Val="RTL"/>
      <Option Name="TopModule" Val="blinking_led"/>
      <Option Name="TopAutoSet" Val="TRUE"/>
    </Config>
  </FileSet>
  <FileSet Name="constrs_in" Type="Constrs" RelSrcDir="$PSRCDIR/constrs_1" RelGenDir="$PGENDIR/constrs_1">
    <Filter Type="Constrs"/>
    <File Path="$PPRDIR/../../../Users/rishi/Downloads/Basys-3-Master.xdc">
      <FileInfo>
        <Attr Name="UsedIn" Val="synthesis"/>
        <Attr Name="UsedIn" Val="implementation"/>
      </FileInfo>
    </File>
    <Config>
      <Option Name="ConstrsType" Val="XDC"/>
    </Config>
  </FileSet>
  <FileSet Name="utils" Type="Utils" RelSrcDir="$PSRCDIR/utils_1" RelGenDir="$PGENDIR/utils_1">
    <Filter Type="Utils"/>
    <File Path="$PSRCDIR/utils_1/imports/synth_1/blinking_led.dcp">
      <FileInfo>
        <Attr Name="UsedIn" Val="synthesis"/>
        <Attr Name="UsedIn" Val="implementation"/>
        <Attr Name="UsedInSteps" Val="synth_1"/>
        <Attr Name="AutoDcp" Val="1"/>
      </FileInfo>
    </File>
    <Config>
      <Option Name="TopAutoSet" Val="TRUE"/>
    </Config>
  </FileSet>
  <Strategy Version="1" Minor="2">
    <StratHandle Name="Vivado Implementation Defaults" Flow="Vivado Implementation 2024">
      <Desc>Default settings for Implementation.</Desc>
    </StratHandle>
    <Step Id="init_design"/>
    <Step Id="opt_design"/>
    <Step Id="power_opt_design"/>
    <Step Id="place_design"/>
    <Step Id="post_place_power_opt_design"/>
    <Step Id="phys_opt_design"/>
    <Step Id="route_design"/>
    <Step Id="post_route_phys_opt_design"/>
    <Step Id="write_bitstream"/>
  </Strategy>
</GenRun>
